<?xml version="1.0" encoding="UTF-8"?>
<project-private xmlns="http://www.netbeans.org/ns/project-private/1">
    <editor-bookmarks xmlns="http://www.netbeans.org/ns/editor-bookmarks/2" lastBookmarkId="0"/>
    <open-files xmlns="http://www.netbeans.org/ns/projectui-open-files/2">
        <group>
            <file>file:/C:/Users/Kessia/Documents/NetBeansProjects/Pizzaria/src/pizzaria/Pizzaria.java</file>
            <file>file:/C:/Users/Kessia/Documents/NetBeansProjects/Pizzaria/src/pizzaria/PizzasCadastro.java</file>
            <file>file:/C:/Users/Kessia/Documents/NetBeansProjects/Pizzaria/src/pizzaria/TableRender.java</file>
            <file>file:/C:/Users/Kessia/Documents/NetBeansProjects/Pizzaria/src/pizzaria/DB.java</file>
            <file>file:/C:/Users/Kessia/Documents/NetBeansProjects/Pizzaria/src/pizzaria/Menu.java</file>
            <file>file:/C:/Users/Kessia/Documents/NetBeansProjects/Pizzaria/src/pizzaria/Bebidas.java</file>
            <file>file:/C:/Users/Kessia/Documents/NetBeansProjects/Pizzaria/src/pizzaria/BebidasCadastro.java</file>
            <file>file:/C:/Users/Kessia/Documents/NetBeansProjects/Pizzaria/src/pizzaria/Pizzas.java</file>
        </group>
    </open-files>
</project-private>
